symbol,network,contract
WBTC,ethereum,0x2260fac5e5542a773aa44fbcfedf7c193bc2c599
WETH,ethereum,0xc02aaa39b223fe8d0a0e5c4f27ead9083c756cc2
USDC,ethereum,0xa0b86991c6218b36c1d19d4a2e9eb0ce3606eb48
USDCe,polygon,0x2791Bca1f2de4661ED88A30C99A7a9449Aa84174
WETH,polygon,0x7ceB23fD6bC0adD59E62ac25578270cFf1b9f619
WPOL,polygon,0x0d500b1d8e8ef31e21c99d1db9a6444d3adf1270
POL,polygon,0x0d500b1d8e8ef31e21c99d1db9a6444d3adf1270
WMATIC,polygon,0x0d500b1d8e8ef31e21c99d1db9a6444d3adf1270
WBTC,polygon,0x1bfd67037b42cf73acf2047067bd4f2c47d9bfd6
LINK,polygon,0x53e0bca35ec356bd5dddfebbd1fc0fd03fabad39
SOL,polygon,0x7dff46370e9ea5f0bad3c4e29711ad50062ea7a4
WSOL,polygon,0x7dff46370e9ea5f0bad3c4e29711ad50062ea7a4
AAVE,polygon,0xd6df932a45c0f255f85145f286ea0b292b21c90b
AAVEV3,polygon,0x794a61358D6845594F94dc1DB02A252b5b4814aD
DUSD,polygon,0xbae28251b2a4e621aa7e20538c06dee010bc06de
USDmny,polygon,0xc4c6333afdd510066786e0d257eb91095fd729e3
MaticX,polygon,0xfa68fb4628dff1028cfec22b4162fccd0d45efb6
ETHBULL3X,polygon,0x460b60565cb73845d56564384ab84bf84c13e47d
BTCBULL3X,polygon,0xdb88ab5b485b38edbeef866314f9e49d095bce39
BLPstMATICWMATIC,polygon,0x8159462d255c1d24915cb51ec361f700174cd994
CRV,polygon,0x172370d5cd63279efa6d502dab29171933a610af
GRT,polygon,0x5fe2b58c013d7601147dcdd68c143a77499f5531
DHT,polygon,0x8c92e38eca8210f4fcbf17f0951b198dd7668292
SNX,polygon,0x50b728d8d964fd00c2d0aad81718b71311fef68a
PAXG,polygon,0x553d3d295e0f695b9228246232edf400ed3560b5
UNI,polygon,0xb33eaad8d922b1083446dc23f610c2567fb5180f
GNS,polygon,0xe5417af564e4bfda1c483642db72007871397896
USDT,polygon,0xc2132d05d31c914a87c6611c10748aeb04b58e8f
LDO,polygon,0xc3c7d422809852031b44ab29eec9f1eff2a58756
ULP,polygon,0xc36442b4a4522e871399cd717abdd847ab11fe88
USDC,polygon,0x3c499c542cef5e3811e1192ce70d8cc03d5c3359
OP,optimism,0x4200000000000000000000000000000000000042
AAVE,optimism,0x76fb31fb4af56892a25e32cfc43de717950c9278
USDCe,optimism,0x7f5c764cbc14f9669b88837ca1490cca17c31607
DHT,optimism,0xaf9fe3b5ccdae78188b1f8b9a49da7ae9510f151
WBTC,optimism,0x68f180fcce6836688e9084f035309e29bf0a2095
WETH,optimism,0x4200000000000000000000000000000000000006
wstETH,optimism,0x1f32b1c2345538c0c6f582fcb022739c4a194ebb
WSTETH,optimism,0x1f32b1c2345538c0c6f582fcb022739c4a194ebb
ETHy,optimism,0xb2cfb909e8657c0ec44d3dd898c1053b87804755
VELO,optimism,0x9560e827aF36c94D2Ac33a39bCE1Fe78631088Db
LYRA,optimism,0x50c5725949a6f0c72e6c4a641f24049a917db0cb
KWENTA,optimism,0x920cf626a271321c151d027030d5d08af699456b
rETH,optimism,0x9bcef72be871e61ed4fbbc7630889bee758eb81d
alETH,optimism,0x3e29d3a9316dab217754d13b28646b76607c5f04
STG,optimism,0x296f55f8fb28e498b858d0bcda06d955b2cb3f97
USDmny,optimism,0x49bf093277bf4dde49c48c6aa55a3bda3eedef68
SNX,optimism,0x8700daec35af8ff88c16bdf0418774cb3d7599b4
LINK,optimism,0x350a791bfc2c21f9ed5d10980dad2e2638ffa7f6
AAVEV3,optimism,0x794a61358d6845594f94dc1db02a252b5b4814ad
USDpy,optimism,0xb9243c495117343981ec9f8aa2abffee54396fc0
LUSD,optimism,0xc40f949f8a4e094d1b49a23ea9241d289b7b2819
ETHBEAR1X,optimism,0xcacb5a722a36cff6baeb359e21c098a4acbffdfa
BTCBEAR1X,optimism,0x83d1fa384ec44c2769a3562ede372484f26e141b
BTCBULL2X,optimism,0x32ad28356ef70adc3ec051d8aacdeeaa10135296
BTCBULL3X,optimism,0xb03818de4992388260b62259361778cf98485dfe
BTCBULL4X,optimism,0x11b55966527ff030ca9c7b1c548b4be5e7eaee6d
ETHBULL2X,optimism,0x9573c7b691cdcebbfa9d655181f291799dfb7cf5
ETHBULL3X,optimism,0x32b1d1bfd4b3b0cb9ff2dcd9dac757aa64d4cb69
MTA,optimism,0x929b939f8524c3be977af57a4a0ad3fb1e374b50
ULP,optimism,0xc36442b4a4522e871399cd717abdd847ab11fe88
USDC,optimism,0x0b2c639c533813f4aa9d7837caf62653d097ff85
sBTC,optimism,0x298b9b95708152ff6968aafd889c6586e9169f1d
Intermediary,optimism,0x2ed1bd7f66e47113672f3870308b5e867c5bb743
TBTC,optimism,0x6c84a8f1c29108F47a79964b5Fe888D4f4D0dE40
WBTC,arbitrum,0x2f2a2543B76A4166549F7aaB2e75Bef0aefC5B0f
ARB,arbitrum,0x912ce59144191c1204e64559fe8253a0e49e6548
GMX,arbitrum,0xfc5a1a6eb076a2c7ad06ed22c90d7e710e35ad0a
WETH,arbitrum,0x82aF49447D8a07e3bd95BD0d56f35241523fBab1
USDC,arbitrum,0xFF970A61A04b1cA14834A43f5dE4533eBDDB5CC8
USDT,arbitrum,0xFd086bC7CD5C481DCC9C85ebE478A1C0b69FCbb9
ETHBULL2X,arbitrum,0x696f6d66c2da2aa4a400a4317eec8da88f7a378c
ETHBULL3X,arbitrum,0xf715724abba480d4d45f4cb52bef5ce5e3513ccc
BTCBULL2X,arbitrum,0xe3254397f5d9c0b69917ebb49b49e103367b406f
BTCBULL3X,arbitrum,0xad38255febd566809ae387d5be66ecd287947cb9
BTCBEAR1X,arbitrum,0x27d8fdb0251b48d8edd1ad7bedf553cf99abe7b0
ETHBEAR1X,arbitrum,0x40d30b13666c55b1f41ee11645b5ea3ea2ca31f8
cbBTC,base,0xcbb7c0000ab88b473b1f5afd9ef808440eed33bf
tBTC,base,0x236aa50979d5f3de3bd1eeb40e81137f22ab794b
WETH,base,0x4200000000000000000000000000000000000006
DHT,base,0x54bc229d1cb15f8b6415efeab4290a40bc8b7d84
fUSDC,base,0xf42f5795d9ac7e9d757db633d693cd548cfd9169
SNX,base,0x22e6966b799c4d5b13be962e1d117b56327fda66
AERO,base,0x940181a94a35a4569e4529a3cdfb74e38fd98631
cbETH,base,0x2ae3f1ec7f1f5012cfeab0185bfc7aa3cf0dec22
rETH,base,0xb6fe221fe9eef5aba221c348ba20a1bf5e73624c
weETH,base,0x04c0599ae5a44757c0af6f9ec3b93da8976c150a
sUSDS,base,0x5875eee11cf8398102fdad704c9e96607675467a
MORPHO,base,0xbaa5cc21fd487b8fcc2f632f3f4e8d37262a0842
UNIT,base,0xb95fb324b8a2faf8ec4f76e3df46c718402736e2
wstETH,base,0xc1cba3fcea344f92d9239c08c0568f6f2f0ee452
USDC,base,0x833589fcd6edb6e08f4c7c32d4f71b54bda02913
snxUSD,base,0x09d51516f38980035153a554c26df3c6f51a23c3
EURC,base,0x60a3e35cc302bfa44cb288bc5a4f316fdb1adb42
eUSD,base,0xcfa3ef56d303ae4faaba0592388f19d7c3399fb4
USDT,base,0xfde4c96c8593536e31f229ea8f37b2ada2699bb2
AAVEV3,base,0xa238dd80c259a72e81d7e4664a9801593f98d1c5
AEROCL,base,0x827922686190790b37229fd06084350e74485b72
fUSDC,base,0xf42f5795d9ac7e9d757db633d693cd548cfd9169
vAMM-weETH-WETH-AERODROME,base,0x688b0380360c84135769d4f75d70038119846a8e
